country,country_code,full_name,geo,id,name,place_type
Deutschland,DE,"Erlangen, Deutschland","{'type': 'Feature', 'bbox': [10.915143, 49.532646, 11.053845, 49.645542], 'properties': {}}",9af0e1c3b9def9f4,Erlangen,city
Deutschland,DE,Landtag Nordrhein-Westfalen,"{'type': 'Feature', 'bbox': [6.763501167297363, 51.218920430983914, 6.763501167297363, 51.218920430983914], 'properties': {}}",07d9db0fb1488001,Landtag Nordrhein-Westfalen,poi
Deutschland,DE,"Berlin, Deutschland","{'type': 'Feature', 'bbox': [13.088304, 52.338079, 13.760909, 52.675323], 'properties': {}}",3078869807f9dd36,Berlin,city
Deutschland,DE,"Heidelberg, Deutschland","{'type': 'Feature', 'bbox': [8.57291, 49.352037, 8.793839, 49.460195], 'properties': {}}",0851007f4d4c6fc5,Heidelberg,city
Deutschland,DE,"Berlin, Deutschland","{'type': 'Feature', 'bbox': [13.088304, 52.338079, 13.760909, 52.675323], 'properties': {}}",3078869807f9dd36,Berlin,city
Deutschland,DE,"Hessen, Deutschland","{'type': 'Feature', 'bbox': [7.772406, 49.395175, 10.236479, 51.657816], 'properties': {}}",71452e54fd4ae8e7,Hessen,admin
Deutschland,DE,"Berlin, Deutschland","{'type': 'Feature', 'bbox': [13.088304, 52.338079, 13.760909, 52.675323], 'properties': {}}",3078869807f9dd36,Berlin,city
Deutschland,DE,"Lübeck, Deutschland","{'type': 'Feature', 'bbox': [10.55401, 53.767965, 10.968717, 53.994266], 'properties': {}}",39f6da36ae80548e,Lübeck,city
Deutschland,DE,"Hamburg, Deutschland","{'type': 'Feature', 'bbox': [8.4201604, 53.395118, 10.325199, 53.9646546], 'properties': {}}",5bcd72da50f0ee77,Hamburg,city
Deutschland,DE,"Leipzig, Deutschland","{'type': 'Feature', 'bbox': [12.229826, 51.2380243, 12.543579, 51.445007], 'properties': {}}",5eefdd08491a1c89,Leipzig,city
Deutschland,DE,"Bayern, Deutschland","{'type': 'Feature', 'bbox': [8.976041, 47.270127, 13.839928, 50.564736], 'properties': {}}",227ab02aca7f4b08,Bayern,admin
Deutschland,DE,"Uttenreuth, Deutschland","{'type': 'Feature', 'bbox': [11.059785, 49.584474, 11.120835, 49.613489], 'properties': {}}",860bdfe953b4d90a,Uttenreuth,city
Deutschland,DE,Deutschland,"{'type': 'Feature', 'bbox': [5.8663566, 47.270127, 15.0418536, 55.056823], 'properties': {}}",fdcd221ac44fa326,Deutschland,country
Deutschland,DE,"Berlin, Deutschland","{'type': 'Feature', 'bbox': [13.088304, 52.338079, 13.760909, 52.675323], 'properties': {}}",3078869807f9dd36,Berlin,city
Schweden,SE,"Stockholm, Schweden","{'type': 'Feature', 'bbox': [17.7601322, 59.2271383, 18.1999856, 59.4402037], 'properties': {}}",d56c5babcffde8ef,Stockholm,city
Deutschland,DE,"Hamburg, Deutschland","{'type': 'Feature', 'bbox': [8.4201604, 53.395118, 10.325199, 53.9646546], 'properties': {}}",5bcd72da50f0ee77,Hamburg,city
Deutschland,DE,Brandenburger Tor,"{'type': 'Feature', 'bbox': [13.377785682678223, 52.516246979489246, 13.377785682678223, 52.516246979489246], 'properties': {}}",07d9daff8dc87002,Brandenburger Tor,poi
Schweden,SE,"Alvesta, Sverige","{'type': 'Feature', 'bbox': [14.2779478, 56.5341274, 14.6821408, 57.1633434], 'properties': {}}",88bfaefa4b6ce53a,Alvesta,city
Schweden,SE,"Linköping, Sverige","{'type': 'Feature', 'bbox': [15.2557333, 58.0629233, 16.0754215, 58.6521074], 'properties': {}}",105ec6092daa0aee,Linköping,city
Vereinigtes Königreich,GB,"Scotland, United Kingdom","{'type': 'Feature', 'bbox': [-7.66085699743185, 54.6336309570711, -0.740025000483186, 60.8452769694519], 'properties': {}}",0af014accd6f6e99,Scotland,admin
Vereinigtes Königreich,GB,"Glasgow, Scotland","{'type': 'Feature', 'bbox': [-4.3932845, 55.796184, -4.0902182, 55.9204214], 'properties': {}}",791e00bcadc4615f,Glasgow,city
Deutschland,DE,"Berlin, Deutschland","{'type': 'Feature', 'bbox': [13.088304, 52.338079, 13.760909, 52.675323], 'properties': {}}",3078869807f9dd36,Berlin,city
Deutschland,DE,"Nordrhein-Westfalen, Deutschland","{'type': 'Feature', 'bbox': [5.8663566, 50.322572, 9.461595, 52.531417], 'properties': {}}",1ce1caa594aa7361,Nordrhein-Westfalen,admin
Deutschland,DE,"Düsseldorf, Deutschland","{'type': 'Feature', 'bbox': [6.688728, 51.124357, 6.939888, 51.352537], 'properties': {}}",b7d3c12268abd20e,Düsseldorf,city
Deutschland,DE,"Grafhorst, Deutschland","{'type': 'Feature', 'bbox': [10.903003, 52.422896, 10.981003, 52.471638], 'properties': {}}",1428110283105f61,Grafhorst,city
Deutschland,DE,"Hamburg, Deutschland","{'type': 'Feature', 'bbox': [8.4201604, 53.395118, 10.325199, 53.9646546], 'properties': {}}",5bcd72da50f0ee77,Hamburg,city
Deutschland,DE,"Datteln, Deutschland","{'type': 'Feature', 'bbox': [7.239943, 51.61374, 7.4217211, 51.720674], 'properties': {}}",3fa18b684ca49861,Datteln,city
Deutschland,DE,"Heringsdorf, Deutschland","{'type': 'Feature', 'bbox': [14.078248, 53.915245, 14.226263, 53.993731], 'properties': {}}",5d75e9041e0c4e74,Heringsdorf,city
Schweden,SE,"Stockholm, Schweden","{'type': 'Feature', 'bbox': [17.7601322, 59.2271383, 18.1999856, 59.4402037], 'properties': {}}",d56c5babcffde8ef,Stockholm,city
Schweden,SE,Mynttorget,"{'type': 'Feature', 'bbox': [18.068546554388938, 59.326869368500624, 18.068546554388938, 59.326869368500624], 'properties': {}}",07d9c9c71d080001,Mynttorget,poi
Deutschland,DE,"Frankfurt am Main, Deutschland","{'type': 'Feature', 'bbox': [8.472715, 50.01552, 8.800496, 50.2269512], 'properties': {}}",c589d9d6ed38927c,Frankfurt am Main,city
Deutschland,DE,"Plattenburg, Deutschland","{'type': 'Feature', 'bbox': [11.883112, 52.875614, 12.209711, 53.082397], 'properties': {}}",949cc46c86bc3ac0,Plattenburg,city
Schweiz,CH,"Zürich, Schweiz","{'type': 'Feature', 'bbox': [8.448081, 47.3202171, 8.625442, 47.434721], 'properties': {}}",3acb748d0f1e9265,Zürich,city
Deutschland,DE,"Hockenheim, Deutschland","{'type': 'Feature', 'bbox': [8.455769, 49.30186, 8.604042, 49.359221], 'properties': {}}",b376625558c84057,Hockenheim,city
Deutschland,DE,"Halle (Saale), Deutschland","{'type': 'Feature', 'bbox': [11.856151, 51.402855, 12.088802, 51.543503], 'properties': {}}",699e7e72554fee2a,Halle (Saale),city
Deutschland,DE,"Berlin, Deutschland","{'type': 'Feature', 'bbox': [13.088304, 52.338079, 13.760909, 52.675323], 'properties': {}}",3078869807f9dd36,Berlin,city
Deutschland,DE,"Göttingen, Deutschland","{'type': 'Feature', 'bbox': [9.80043, 51.483171, 10.053668, 51.590803], 'properties': {}}",fcbb3c6e0a7eba22,Göttingen,city
Deutschland,DE,"Hamburg, Deutschland","{'type': 'Feature', 'bbox': [8.4201604, 53.395118, 10.325199, 53.9646546], 'properties': {}}",5bcd72da50f0ee77,Hamburg,city
Deutschland,DE,Oberbaumbrücke,"{'type': 'Feature', 'bbox': [13.445709943771362, 52.50177658227869, 13.445709943771362, 52.50177658227869], 'properties': {}}",07d9db0282487000,Oberbaumbrücke,poi
Deutschland,DE,"Plattenburg, Deutschland","{'type': 'Feature', 'bbox': [11.883112, 52.875614, 12.209711, 53.082397], 'properties': {}}",949cc46c86bc3ac0,Plattenburg,city
Deutschland,DE,"Leiferde, Deutschland","{'type': 'Feature', 'bbox': [10.366417, 52.409819, 10.5045051, 52.47947], 'properties': {}}",65c4418932bf5389,Leiferde,city
Deutschland,DE,"Edemissen, Deutschland","{'type': 'Feature', 'bbox': [10.129605, 52.354009, 10.387565, 52.448852], 'properties': {}}",dcc1eb4435965813,Edemissen,city
Deutschland,DE,"Hannover, Deutschland","{'type': 'Feature', 'bbox': [9.604388, 52.305196, 9.918478, 52.454401], 'properties': {}}",48504653e183c91c,Hannover,city
Deutschland,DE,"Kuhstorf, Deutschland","{'type': 'Feature', 'bbox': [11.223294, 53.367137, 11.297403, 53.405906], 'properties': {}}",a6b65ea1075a988d,Kuhstorf,city
Deutschland,DE,"Witzeeze, Deutschland","{'type': 'Feature', 'bbox': [10.558482, 53.443332, 10.6370851, 53.470991], 'properties': {}}",4cfba8bbb766d5ca,Witzeeze,city
Deutschland,DE,"Danndorf, Deutschland","{'type': 'Feature', 'bbox': [10.875807, 52.413554, 10.936036, 52.460898], 'properties': {}}",a92295029f1ca9bf,Danndorf,city
Deutschland,DE,Brandenburger Tor,"{'type': 'Feature', 'bbox': [13.377785682678223, 52.516246979489246, 13.377785682678223, 52.516246979489246], 'properties': {}}",07d9daff8dc87002,Brandenburger Tor,poi
Belgien,BE,"Brüssel, Belgien","{'type': 'Feature', 'bbox': [4.3139889, 50.7963282, 4.4369472, 50.9137064], 'properties': {}}",0653bb913c88c1ea,Brüssel,city
Belgien,BE,"Etterbeek, België","{'type': 'Feature', 'bbox': [4.3789137, 50.8224274, 4.4114812, 50.8446771], 'properties': {}}",8f54da0b876827dc,Etterbeek,city
Belgien,BE,Belgien,"{'type': 'Feature', 'bbox': [2.5456398, 49.4972655, 6.4079065, 51.5050807], 'properties': {}}",78bfaf3f12c05982,Belgien,country
Deutschland,DE,"Berlin, Deutschland","{'type': 'Feature', 'bbox': [13.088304, 52.338079, 13.760909, 52.675323], 'properties': {}}",3078869807f9dd36,Berlin,city
Deutschland,DE,Invalidenpark,"{'type': 'Feature', 'bbox': [13.376111984252928, 52.529674849114286, 13.376111984252928, 52.529674849114286], 'properties': {}}",0fc3691e4b555000,Invalidenpark,poi
Deutschland,DE,Brandenburger Tor,"{'type': 'Feature', 'bbox': [13.377785682678223, 52.516246979489246, 13.377785682678223, 52.516246979489246], 'properties': {}}",07d9daff8dc87002,Brandenburger Tor,poi
Deutschland,DE,"Datteln, Deutschland","{'type': 'Feature', 'bbox': [7.239943, 51.61374, 7.4217211, 51.720674], 'properties': {}}",3fa18b684ca49861,Datteln,city
Deutschland,DE,"Hamburg, Deutschland","{'type': 'Feature', 'bbox': [8.4201604, 53.395118, 10.325199, 53.9646546], 'properties': {}}",5bcd72da50f0ee77,Hamburg,city
Deutschland,DE,"Berlin, Deutschland","{'type': 'Feature', 'bbox': [13.088304, 52.338079, 13.760909, 52.675323], 'properties': {}}",3078869807f9dd36,Berlin,city
Deutschland,DE,"Göttingen, Deutschland","{'type': 'Feature', 'bbox': [9.80043, 51.483171, 10.053668, 51.590803], 'properties': {}}",fcbb3c6e0a7eba22,Göttingen,city
Deutschland,DE,"München, Deutschland","{'type': 'Feature', 'bbox': [11.360589, 48.061634, 11.722918, 48.248124], 'properties': {}}",37439688c6302728,München,city
Deutschland,DE,"Bremen, Deutschland","{'type': 'Feature', 'bbox': [8.481599, 53.011035, 8.990593, 53.228969], 'properties': {}}",5b1a29f98ababf57,Bremen,city
Deutschland,DE,"Bielefeld, Deutschland","{'type': 'Feature', 'bbox': [8.3776387, 51.915656, 8.663387, 52.114588], 'properties': {}}",6002284889d67fa1,Bielefeld,city
Schweiz,CH,"Davos, Schweiz","{'type': 'Feature', 'bbox': [9.669419, 46.670387, 9.96734, 46.8596105], 'properties': {}}",dc4e13302cc5ef12,Davos,city
Schweiz,CH,World Economic Forum (WEF),"{'type': 'Feature', 'bbox': [9.831068515777588, 46.800896700226744, 9.831068515777588, 46.800896700226744], 'properties': {}}",0fc3440a0c541000,World Economic Forum (WEF),poi
Deutschland,DE,"Northeim, Niedersachsen","{'type': 'Feature', 'bbox': [9.416572, 51.550867, 10.163089, 51.947725], 'properties': {}}",b49e10bb940acdd5,Northeim,admin
Deutschland,DE,"Hanau, Deutschland","{'type': 'Feature', 'bbox': [8.862093, 50.075315, 9.03037, 50.195601], 'properties': {}}",faa4e664f4671795,Hanau,city
Frankreich,FR,"Lille, Frankreich","{'type': 'Feature', 'bbox': [3.016796, 50.6008054, 3.1263813, 50.6571427], 'properties': {}}",55ea4e5e9bb75976,Lille,city
Vereinigtes Königreich,GB,"Camden Town, London","{'type': 'Feature', 'bbox': [-0.213503, 51.512805, -0.105303, 51.572068], 'properties': {}}",5de8cffc145c486b,Camden Town,city
Deutschland,DE,"Langenfeld (Rheinland), Deutschland","{'type': 'Feature', 'bbox': [6.9027089, 51.067479, 7.000821, 51.14933], 'properties': {}}",6c9d261ae18b6ed2,Langenfeld (Rheinland),city
Deutschland,DE,"Syke, Deutschland","{'type': 'Feature', 'bbox': [8.731479, 52.8352842, 8.952216, 52.973946], 'properties': {}}",a81e93e88823b632,Syke,city
Deutschland,DE,"Mohrkirch, Deutschland","{'type': 'Feature', 'bbox': [9.662387, 54.6559475, 9.74339, 54.69778], 'properties': {}}",828aa0ee30f36741,Mohrkirch,city
Deutschland,DE,"Schenefeld, Deutschland","{'type': 'Feature', 'bbox': [9.78997, 53.584198, 9.868195, 53.615764], 'properties': {}}",38c2b3f780fd41aa,Schenefeld,city
Deutschland,DE,Hamburger Hafen | Port of Hamburg,"{'type': 'Feature', 'bbox': [9.96989831328392, 53.54367083141789, 9.96989831328392, 53.54367083141789], 'properties': {}}",07d9e61d71484001,Hamburger Hafen | Port of Hamburg,poi
Spanien,ES,"Madrid, Spanien","{'type': 'Feature', 'bbox': [-3.8890049, 40.3120713, -3.5180102, 40.6435181], 'properties': {}}",206c436ce43a43a3,Madrid,city
Spanien,ES,"Briviesca, España","{'type': 'Feature', 'bbox': [-3.4260304, 42.4808841, -3.2222158, 42.6138574], 'properties': {}}",ac2571cdd639d542,Briviesca,city
Frankreich,FR,"Biriatou, Frankreich","{'type': 'Feature', 'bbox': [-1.7599183, 43.2958602, -1.7058987, 43.3497503], 'properties': {}}",786eeb270c8a4847,Biriatou,city
Deutschland,DE,Geowissenschaftliches Zentrum (GZG),"{'type': 'Feature', 'bbox': [9.94705892274085, 51.55624632131357, 9.94705892274085, 51.55624632131357], 'properties': {}}",07d9cad7f4082001,Geowissenschaftliches Zentrum (GZG),poi
Deutschland,DE,"Düsseldorf, Deutschland","{'type': 'Feature', 'bbox': [6.688728, 51.124357, 6.939888, 51.352537], 'properties': {}}",b7d3c12268abd20e,Düsseldorf,city
Deutschland,DE,"Köln, Deutschland","{'type': 'Feature', 'bbox': [6.772567, 50.830287, 7.162373, 51.0849471], 'properties': {}}",8abc99434d4f5d28,Köln,city
Deutschland,DE,"Siegburg, Deutschland","{'type': 'Feature', 'bbox': [7.174178, 50.779767, 7.310495, 50.827895], 'properties': {}}",0b1ac542e43013b7,Siegburg,city
Deutschland,DE,"Idstein, Deutschland","{'type': 'Feature', 'bbox': [8.202707, 50.172726, 8.406193, 50.278361], 'properties': {}}",4c4e70b4c143497a,Idstein,city
Deutschland,DE,"Wiesbaden, Deutschland","{'type': 'Feature', 'bbox': [8.110593, 49.993707, 8.386548, 50.152029], 'properties': {}}",d9ab00bf39ffe714,Wiesbaden,city
Deutschland,DE,"Göttingen, Deutschland","{'type': 'Feature', 'bbox': [9.80043, 51.483171, 10.053668, 51.590803], 'properties': {}}",fcbb3c6e0a7eba22,Göttingen,city
Deutschland,DE,"Northeim, Niedersachsen","{'type': 'Feature', 'bbox': [9.416572, 51.550867, 10.163089, 51.947725], 'properties': {}}",b49e10bb940acdd5,Northeim,admin
Deutschland,DE,"Bissendorf, Deutschland","{'type': 'Feature', 'bbox': [8.121679, 52.202523, 8.326543, 52.320749], 'properties': {}}",540d5b1bf307a2aa,Bissendorf,city
Niederlande,NL,"Den Haag, Niederlande","{'type': 'Feature', 'bbox': [4.1903465, 52.0148713, 4.4224441, 52.1388646], 'properties': {}}",8cb67e5457853086,Den Haag,city
Deutschland,DE,"Warnow, Deutschland","{'type': 'Feature', 'bbox': [11.791579, 53.732214, 11.964092, 53.801391], 'properties': {}}",1cbc02ccd913f60d,Warnow,city
Deutschland,DE,Großer Saal,"{'type': 'Feature', 'bbox': [9.98425243516187, 53.54128030318326, 9.98425243516187, 53.54128030318326], 'properties': {}}",0fc33ba18a141001,Großer Saal,poi
Deutschland,DE,"Berlin, Deutschland","{'type': 'Feature', 'bbox': [13.088304, 52.338079, 13.760909, 52.675323], 'properties': {}}",3078869807f9dd36,Berlin,city
Deutschland,DE,"Wolfsburg, Deutschland","{'type': 'Feature', 'bbox': [10.647127, 52.316098, 10.906867, 52.49509], 'properties': {}}",e117fce907c54997,Wolfsburg,city
Deutschland,DE,"Werder (Havel), Deutschland","{'type': 'Feature', 'bbox': [12.802745, 52.29835, 12.968242, 52.460563], 'properties': {}}",ee687fb105b58bb5,Werder (Havel),city
Deutschland,DE,"Nörten-Hardenberg, Deutschland","{'type': 'Feature', 'bbox': [9.865412, 51.5999601, 10.057912, 51.673355], 'properties': {}}",cc69bf61cd414b95,Nörten-Hardenberg,city
Deutschland,DE,"Mieste, Deutschland","{'type': 'Feature', 'bbox': [11.137947, 52.433477, 11.258702, 52.508301], 'properties': {}}",9fd7eec2612afbd1,Mieste,city
Deutschland,DE,"Hannover, Deutschland","{'type': 'Feature', 'bbox': [9.604388, 52.305196, 9.918478, 52.454401], 'properties': {}}",48504653e183c91c,Hannover,city
Deutschland,DE,"Hamburg, Deutschland","{'type': 'Feature', 'bbox': [8.4201604, 53.395118, 10.325199, 53.9646546], 'properties': {}}",5bcd72da50f0ee77,Hamburg,city
Deutschland,DE,"Herford, Deutschland","{'type': 'Feature', 'bbox': [8.558815, 52.057914, 8.75452, 52.1699833], 'properties': {}}",35075f4b19725175,Herford,city
Deutschland,DE,"Sohren, Deutschland","{'type': 'Feature', 'bbox': [7.281104, 49.912067, 7.337481, 49.954434], 'properties': {}}",8cfbf838f7406004,Sohren,city
Deutschland,DE,"Bernkastel-Kues, Deutschland","{'type': 'Feature', 'bbox': [6.976321, 49.892228, 7.104855, 49.9583791], 'properties': {}}",7353cd605a34a535,Bernkastel-Kues,city
Deutschland,DE,"Immert, Deutschland","{'type': 'Feature', 'bbox': [7.007142, 49.7563482, 7.039409, 49.7831148], 'properties': {}}",c810910e826ef4df,Immert,city
Deutschland,DE,"Solingen, Deutschland","{'type': 'Feature', 'bbox': [6.951184, 51.114231, 7.177184, 51.220387], 'properties': {}}",a815d02f947c131a,Solingen,city
Deutschland,DE,"Frankfurt am Main, Deutschland","{'type': 'Feature', 'bbox': [8.472715, 50.01552, 8.800496, 50.2269512], 'properties': {}}",c589d9d6ed38927c,Frankfurt am Main,city
Deutschland,DE,"Karstädt, Deutschland","{'type': 'Feature', 'bbox': [11.550798, 53.071234, 11.852885, 53.244452], 'properties': {}}",8b76aad72f16b632,Karstädt,city
Deutschland,DE,"Löhne, Deutschland","{'type': 'Feature', 'bbox': [8.663389, 52.1493482, 8.789086, 52.251786], 'properties': {}}",b28bffcbb6678df4,Löhne,city
Deutschland,DE,"Ludwigslust, Deutschland","{'type': 'Feature', 'bbox': [11.321516, 53.256143, 11.542975, 53.372479], 'properties': {}}",ce7bc5b8c2e76595,Ludwigslust,city
Deutschland,DE,"Gresse, Deutschland","{'type': 'Feature', 'bbox': [10.699155, 53.404538, 10.794228, 53.464263], 'properties': {}}",55cdecd4a44a2656,Gresse,city
Dänemark,DK,"Kopenhagen, Dänemark","{'type': 'Feature', 'bbox': [12.453064, 55.613717, 12.6522012, 55.731834], 'properties': {}}",936b83f20956cd4c,Kopenhagen,city
Deutschland,DE,"Flensburg, Deutschland","{'type': 'Feature', 'bbox': [9.35735, 54.751795, 9.506812, 54.824321], 'properties': {}}",46a10847a0dd9370,Flensburg,city
Deutschland,DE,"Bad Wilsnack, Deutschland","{'type': 'Feature', 'bbox': [11.828412, 52.928911, 12.030798, 53.010734], 'properties': {}}",91d0e211abe975eb,Bad Wilsnack,city
Deutschland,DE,"Söhlde, Deutschland","{'type': 'Feature', 'bbox': [10.13158, 52.116815, 10.264845, 52.234681], 'properties': {}}",857cc68cdee096f9,Söhlde,city
Deutschland,DE,"Northeim, Deutschland","{'type': 'Feature', 'bbox': [9.889945, 51.641417, 10.11941, 51.789411], 'properties': {}}",3ba0c3df01e780e5,Northeim,city
Deutschland,DE,"Weyhe, Deutschland","{'type': 'Feature', 'bbox': [8.767895, 52.952427, 8.932861, 53.040692], 'properties': {}}",a2e61115c9bb65d4,Weyhe,city
Deutschland,DE,"Bremen, Deutschland","{'type': 'Feature', 'bbox': [8.481599, 53.011035, 8.990593, 53.228969], 'properties': {}}",5b1a29f98ababf57,Bremen,city
Deutschland,DE,"Wiesenaue, Deutschland","{'type': 'Feature', 'bbox': [12.601113, 52.682817, 12.740667, 52.755515], 'properties': {}}",dabe75adc398341e,Wiesenaue,city
Deutschland,DE,"Bovenden, Deutschland","{'type': 'Feature', 'bbox': [9.815516, 51.559698, 10.070439, 51.625556], 'properties': {}}",0c776b542defb6f4,Bovenden,city
Deutschland,DE,"Königswinter, Deutschland","{'type': 'Feature', 'bbox': [7.168254, 50.661855, 7.372027, 50.747748], 'properties': {}}",064f342f571cd121,Königswinter,city
Deutschland,DE,"Banteln, Deutschland","{'type': 'Feature', 'bbox': [9.727119, 52.043056, 9.777064, 52.077216], 'properties': {}}",35ba6d41d2a2a7e9,Banteln,city
Deutschland,DE,"Thalmässing, Deutschland","{'type': 'Feature', 'bbox': [11.159947, 49.045915, 11.294598, 49.156827], 'properties': {}}",c70d4b2d1759a87a,Thalmässing,city
Deutschland,DE,"Roth, Deutschland","{'type': 'Feature', 'bbox': [11.031448, 49.176065, 11.216653, 49.297882], 'properties': {}}",6b4c519240c3159e,Roth,city
Deutschland,DE,"Rottendorf, Deutschland","{'type': 'Feature', 'bbox': [9.999993, 49.7723562, 10.06546, 49.825451], 'properties': {}}",590cbfa3a23e25e2,Rottendorf,city
Deutschland,DE,"Nauen, Deutschland","{'type': 'Feature', 'bbox': [12.651955, 52.499752, 13.013597, 52.725377], 'properties': {}}",cd99015f58824741,Nauen,city
Deutschland,DE,"Aachen, Deutschland","{'type': 'Feature', 'bbox': [5.9748467, 50.6621438, 6.218106, 50.8572297], 'properties': {}}",8b5c39218ec8bdee,Aachen,city
Deutschland,DE,"Limburg an der Lahn, Deutschland","{'type': 'Feature', 'bbox': [7.993584, 50.357054, 8.156892, 50.44628], 'properties': {}}",32f9bb4161b3337b,Limburg an der Lahn,city
Deutschland,DE,"Dortmund, Deutschland","{'type': 'Feature', 'bbox': [7.302443, 51.415504, 7.638168, 51.599943], 'properties': {}}",b4fadeb3a3a29e2f,Dortmund,city
Deutschland,DE,"Elze, Deutschland","{'type': 'Feature', 'bbox': [9.628118, 52.066306, 9.762622, 52.169072], 'properties': {}}",019e09ceee0bb3b2,Elze,city
Deutschland,DE,"Schwanheide, Deutschland","{'type': 'Feature', 'bbox': [10.617708, 53.407739, 10.717848, 53.461086], 'properties': {}}",ceb5a131ed13b4ea,Schwanheide,city
Deutschland,DE,"Schkeuditz, Deutschland","{'type': 'Feature', 'bbox': [12.172433, 51.3332189, 12.361614, 51.462323], 'properties': {}}",ba187392f0750132,Schkeuditz,city
Deutschland,DE,"Nürnberg, Deutschland","{'type': 'Feature', 'bbox': [10.988242, 49.331892, 11.282478, 49.548082], 'properties': {}}",26066ea01f9fa118,Nürnberg,city
Deutschland,DE,"München, Deutschland","{'type': 'Feature', 'bbox': [11.360589, 48.061634, 11.722918, 48.248124], 'properties': {}}",37439688c6302728,München,city
Deutschland,DE,"Wustermark, Deutschland","{'type': 'Feature', 'bbox': [12.87141, 52.499882, 13.01888, 52.578572], 'properties': {}}",316cc077f6a46d1b,Wustermark,city
Deutschland,DE,"Brandenburg, Deutschland","{'type': 'Feature', 'bbox': [11.2687214, 51.359063, 14.7654784, 53.559955], 'properties': {}}",fe79f197b61faa3a,Brandenburg,admin
Deutschland,DE,"Hamburg, Deutschland","{'type': 'Feature', 'bbox': [8.4201604, 53.395118, 10.325199, 53.9646546], 'properties': {}}",5bcd72da50f0ee77,Hamburg,city
Deutschland,DE,"Gütersloh, Deutschland","{'type': 'Feature', 'bbox': [8.2856201, 51.856004, 8.5069335, 51.977112], 'properties': {}}",1d5d57f325d05975,Gütersloh,city
Deutschland,DE,"Sarstedt, Deutschland","{'type': 'Feature', 'bbox': [9.768918, 52.196312, 9.935168, 52.270245], 'properties': {}}",3109f812abfdc5d9,Sarstedt,city
Deutschland,DE,"Göttingen, Deutschland","{'type': 'Feature', 'bbox': [9.80043, 51.483171, 10.053668, 51.590803], 'properties': {}}",fcbb3c6e0a7eba22,Göttingen,city
Deutschland,DE,"Berlin, Deutschland","{'type': 'Feature', 'bbox': [13.088304, 52.338079, 13.760909, 52.675323], 'properties': {}}",3078869807f9dd36,Berlin,city
Deutschland,DE,"Braunschweig, Deutschland","{'type': 'Feature', 'bbox': [10.412259, 52.186797, 10.644908, 52.357387], 'properties': {}}",c6808855d738478c,Braunschweig,city
Deutschland,DE,"Wolfsburg, Deutschland","{'type': 'Feature', 'bbox': [10.647127, 52.316098, 10.906867, 52.49509], 'properties': {}}",e117fce907c54997,Wolfsburg,city
Deutschland,DE,"München, Deutschland","{'type': 'Feature', 'bbox': [11.360589, 48.061634, 11.722918, 48.248124], 'properties': {}}",37439688c6302728,München,city
Österreich,AT,"Wien, Österreich","{'type': 'Feature', 'bbox': [16.18218, 48.117666, 16.577511, 48.322574], 'properties': {}}",9f659d51e5c5deae,Wien,city
Deutschland,DE,"Oberhaid, Deutschland","{'type': 'Feature', 'bbox': [7.703524, 50.495502, 7.740727, 50.515329], 'properties': {}}",5946dde8dc740971,Oberhaid,city
Deutschland,DE,"Bad Honnef, Deutschland","{'type': 'Feature', 'bbox': [7.199566, 50.623447, 7.363988, 50.687333], 'properties': {}}",e2b34a4572cf5866,Bad Honnef,city
Belgien,BE,"Elsene, België","{'type': 'Feature', 'bbox': [4.347341, 50.8007214, 4.4033873, 50.8406204], 'properties': {}}",3060d31f8bf75f53,Elsene,city
Belgien,BE,European Parliament - Altiero Spinelli Building,"{'type': 'Feature', 'bbox': [4.374613946040217, 50.839163422607136, 4.374613946040217, 50.839163422607136], 'properties': {}}",07d9ddeb0fc84002,European Parliament - Altiero Spinelli Building,poi
Belgien,BE,"Brüssel, Belgien","{'type': 'Feature', 'bbox': [4.3139889, 50.7963282, 4.4369472, 50.9137064], 'properties': {}}",0653bb913c88c1ea,Brüssel,city
Deutschland,DE,"Köln, Deutschland","{'type': 'Feature', 'bbox': [6.772567, 50.830287, 7.162373, 51.0849471], 'properties': {}}",8abc99434d4f5d28,Köln,city
,,Brandenburger Tor,"{'type': 'Feature', 'bbox': [13.3776877769238, 52.5162864023446, 13.3776877769238, 52.5162864023446], 'properties': {}}",0952a8c535170000,Brandenburger Tor,poi
Deutschland,DE,"Saarbrücken, Deutschland","{'type': 'Feature', 'bbox': [6.8274592, 49.165076, 7.138098, 49.322051], 'properties': {}}",0c3ccd897a53b270,Saarbrücken,city
Österreich,AT,"Sankt Florian, Österreich","{'type': 'Feature', 'bbox': [14.292543, 48.1663953, 14.429655, 48.236082], 'properties': {}}",e3dd5dfcba691b51,Sankt Florian,city
Ungarn,HU,"Gyál, Magyarország","{'type': 'Feature', 'bbox': [19.1789797, 47.335477, 19.26146, 47.4030598], 'properties': {}}",406793880b29425e,Gyál,city
Ungarn,HU,"Lajosmizse, Ungarn","{'type': 'Feature', 'bbox': [19.44674, 46.959341, 19.682244, 47.120949], 'properties': {}}",0548ce179f9c6059,Lajosmizse,city
Ungarn,HU,"Csengele, Magyarország","{'type': 'Feature', 'bbox': [19.779985, 46.462648, 19.9377089, 46.578334], 'properties': {}}",497b67183eea57bc,Csengele,city
Rumänien,RO,"Dumbrava, România","{'type': 'Feature', 'bbox': [22.0698668, 45.7727676, 22.2112795, 45.8721845], 'properties': {}}",005042d027c01fd9,Dumbrava,city
Rumänien,RO,"Sibiu, România","{'type': 'Feature', 'bbox': [24.0630142, 45.7090624, 24.2445959, 45.8570943], 'properties': {}}",0054649438b66790,Sibiu,city
Deutschland,DE,"Wentorf bei Hamburg, Deutschland","{'type': 'Feature', 'bbox': [10.234507, 53.479553, 10.287133, 53.509029], 'properties': {}}",a31d36cf84ce68f9,Wentorf bei Hamburg,city
Deutschland,DE,"Karstädt, Deutschland","{'type': 'Feature', 'bbox': [11.550798, 53.071234, 11.852885, 53.244452], 'properties': {}}",8b76aad72f16b632,Karstädt,city
Deutschland,DE,"Kassel, Deutschland","{'type': 'Feature', 'bbox': [9.3502534, 51.260437, 9.5698463, 51.3688569], 'properties': {}}",2d03e3c8e578c744,Kassel,city
Deutschland,DE,"Eichenzell, Deutschland","{'type': 'Feature', 'bbox': [9.646332, 50.413098, 9.790845, 50.511095], 'properties': {}}",ee0d96639caa66df,Eichenzell,city
Deutschland,DE,"Groß-Rohrheim, Deutschland","{'type': 'Feature', 'bbox': [8.425677, 49.696766, 8.54105, 49.734639], 'properties': {}}",a1606dd1a6654e18,Groß-Rohrheim,city
Deutschland,DE,"Frankfurt am Main, Deutschland","{'type': 'Feature', 'bbox': [8.472715, 50.01552, 8.800496, 50.2269512], 'properties': {}}",c589d9d6ed38927c,Frankfurt am Main,city
Deutschland,DE,"Hünfeld, Deutschland","{'type': 'Feature', 'bbox': [9.619964, 50.59652, 9.854867, 50.742473], 'properties': {}}",3be50c4b8d119855,Hünfeld,city
Deutschland,DE,Invalidenpark,"{'type': 'Feature', 'bbox': [13.3762180358367, 52.5295009757554, 13.3762180358367, 52.5295009757554], 'properties': {}}",09529196be96e000,Invalidenpark,poi
Deutschland,DE,"Salzgitter, Deutschland","{'type': 'Feature', 'bbox': [10.230644, 52.013132, 10.507728, 52.222876], 'properties': {}}",e13707563e7e4b8e,Salzgitter,city
Deutschland,DE,"Hünfelden, Deutschland","{'type': 'Feature', 'bbox': [8.069947, 50.275059, 8.23322, 50.36012], 'properties': {}}",95bd7af553d1d2cc,Hünfelden,city
Deutschland,DE,"Gelnhausen, Deutschland","{'type': 'Feature', 'bbox': [9.1110785, 50.162906, 9.271535, 50.248862], 'properties': {}}",0eb6cdf1cc6b6f38,Gelnhausen,city
Deutschland,DE,"Potsdam, Deutschland","{'type': 'Feature', 'bbox': [12.887323, 52.34195, 13.168072, 52.514508], 'properties': {}}",659395aaea6aa724,Potsdam,city
Vereinigtes Königreich,GB,"Camberwell, London","{'type': 'Feature', 'bbox': [-0.1114755, 51.4194247, -0.0297308, 51.509947], 'properties': {}}",7f55e839e1715da2,Camberwell,city
Deutschland,DE,"Wuppertal, Deutschland","{'type': 'Feature', 'bbox': [7.011947, 51.1658468, 7.313467, 51.318064], 'properties': {}}",13dd00509ce43f07,Wuppertal,city
Deutschland,DE,"Düsseldorf, Deutschland","{'type': 'Feature', 'bbox': [6.688728, 51.124357, 6.939888, 51.352537], 'properties': {}}",b7d3c12268abd20e,Düsseldorf,city
Frankreich,FR,"Straßburg, Frankreich","{'type': 'Feature', 'bbox': [7.6881601, 48.4924213, 7.836256, 48.6461915], 'properties': {}}",0701e94ee168b555,Straßburg,city
Deutschland,DE,"Göttingen, Deutschland","{'type': 'Feature', 'bbox': [9.80043, 51.483171, 10.053668, 51.590803], 'properties': {}}",fcbb3c6e0a7eba22,Göttingen,city
Deutschland,DE,"Berlin, Deutschland","{'type': 'Feature', 'bbox': [13.088304, 52.338079, 13.760909, 52.675323], 'properties': {}}",3078869807f9dd36,Berlin,city
Deutschland,DE,"Hamburg, Deutschland","{'type': 'Feature', 'bbox': [8.4201604, 53.395118, 10.325199, 53.9646546], 'properties': {}}",5bcd72da50f0ee77,Hamburg,city
Deutschland,DE,"Woltershausen, Deutschland","{'type': 'Feature', 'bbox': [9.915581, 51.949352, 10.007175, 51.989634], 'properties': {}}",f24156a5e817c2d6,Woltershausen,city
Deutschland,DE,"Hannover, Deutschland","{'type': 'Feature', 'bbox': [9.604388, 52.305196, 9.918478, 52.454401], 'properties': {}}",48504653e183c91c,Hannover,city
Deutschland,DE,"Wolfsburg, Deutschland","{'type': 'Feature', 'bbox': [10.647127, 52.316098, 10.906867, 52.49509], 'properties': {}}",e117fce907c54997,Wolfsburg,city
Polen,PL,"Trzebinia, Polska","{'type': 'Feature', 'bbox': [19.3880472, 50.1327001, 19.488689, 50.2265705], 'properties': {}}",f9f2929b521a825d,Trzebinia,city
Polen,PL,"Alwernia gmina, Polska","{'type': 'Feature', 'bbox': [19.4618393, 50.0082402, 19.6290517, 50.118426], 'properties': {}}",fbb3ec63dd63fc31,Alwernia gmina,city
Polen,PL,"Kattowitz, Polen","{'type': 'Feature', 'bbox': [18.8911663, 50.1289725, 19.1228388, 50.297669], 'properties': {}}",0f2f2788e09b05b8,Kattowitz,city
Deutschland,DE,"Hagen, Deutschland","{'type': 'Feature', 'bbox': [7.375914, 51.2647261, 7.598893, 51.418588], 'properties': {}}",7033c3957c686132,Hagen,city
Deutschland,DE,"Wuppertal, Deutschland","{'type': 'Feature', 'bbox': [7.011947, 51.1658468, 7.313467, 51.318064], 'properties': {}}",13dd00509ce43f07,Wuppertal,city
Vereinigtes Königreich,GB,"Lambeth, London","{'type': 'Feature', 'bbox': [-0.15191, 51.410792, -0.078902, 51.509887], 'properties': {}}",4393349f368f67a1,Lambeth,city
Deutschland,DE,"Leverkusen, Deutschland","{'type': 'Feature', 'bbox': [6.899146, 51.011133, 7.116138, 51.097149], 'properties': {}}",4267d6645adb29a6,Leverkusen,city
Marokko,MA,"Asni, Royaume du Maroc","{'type': 'Feature', 'bbox': [-8.0335798, 31.0442724, -7.7996866, 31.2848103], 'properties': {}}",e9871089dcefd2c3,Asni,city
Marokko,MA,"Gueliz, Royaume du Maroc","{'type': 'Feature', 'bbox': [-8.0419658, 31.5941827, -7.9830226, 31.6987174], 'properties': {}}",2683bd79c2fe12a1,Gueliz,city
Österreich,AT,"Schwechat, Österreich","{'type': 'Feature', 'bbox': [16.4327106, 48.088982, 16.576842, 48.159012], 'properties': {}}",d62d58de815998db,Schwechat,city
Deutschland,DE,"Bremen, Deutschland","{'type': 'Feature', 'bbox': [8.481599, 53.011035, 8.990593, 53.228969], 'properties': {}}",5b1a29f98ababf57,Bremen,city
Deutschland,DE,"Schwanheide, Deutschland","{'type': 'Feature', 'bbox': [10.617708, 53.407739, 10.717848, 53.461086], 'properties': {}}",ceb5a131ed13b4ea,Schwanheide,city
Belgien,BE,"Eupen, Belgien","{'type': 'Feature', 'bbox': [6.0001035, 50.54802, 6.269653, 50.6729638], 'properties': {}}",7d4047b2cf41574b,Eupen,city
Deutschland,DE,"Düren, Deutschland","{'type': 'Feature', 'bbox': [6.385572, 50.7414142, 6.538382, 50.857613], 'properties': {}}",ce031cdd5d1ba3fe,Düren,city
Deutschland,DE,"Potsdam, Deutschland","{'type': 'Feature', 'bbox': [12.887323, 52.34195, 13.168072, 52.514508], 'properties': {}}",659395aaea6aa724,Potsdam,city
Deutschland,DE,"Stade, Deutschland","{'type': 'Feature', 'bbox': [9.373666, 53.538101, 9.550729, 53.691121], 'properties': {}}",466050130af5f336,Stade,city
Kanada,CA,"Montréal, Québec","{'type': 'Feature', 'bbox': [-73.972965, 45.410095, -73.473085, 45.705566], 'properties': {}}",36775d842cbec509,Montréal,city
Kanada,CA,"Ottawa, Ontario","{'type': 'Feature', 'bbox': [-76.353876, 44.961937, -75.246407, 45.5356446], 'properties': {}}",38d5974e82ed1a6c,Ottawa,city
Kanada,CA,Old Ottawa City Hall,"{'type': 'Feature', 'bbox': [-75.69386240573162, 45.439636228876864, -75.69386240573162, 45.439636228876864], 'properties': {}}",07d9caae25c82002,Old Ottawa City Hall,poi
Vereinigtes Königreich,GB,"Camden Town, London","{'type': 'Feature', 'bbox': [-0.213503, 51.512805, -0.105303, 51.572068], 'properties': {}}",5de8cffc145c486b,Camden Town,city
Deutschland,DE,Naturkundemuseum Potsdam,"{'type': 'Feature', 'bbox': [13.050795, 52.395904, 13.050795, 52.395904], 'properties': {}}",0952ac0472961000,Naturkundemuseum Potsdam,poi
Belgien,BE,"Brüssel, Belgien","{'type': 'Feature', 'bbox': [4.3139889, 50.7963282, 4.4369472, 50.9137064], 'properties': {}}",0653bb913c88c1ea,Brüssel,city
Belgien,BE,"Sint-Joost-ten-Node, België","{'type': 'Feature', 'bbox': [4.3557795, 50.8471382, 4.3848888, 50.8602093], 'properties': {}}",84842ed3e85174a1,Sint-Joost-ten-Node,city
Vereinigtes Königreich,GB,"City of London, London","{'type': 'Feature', 'bbox': [-0.112442, 51.5068, -0.0733794, 51.522161], 'properties': {}}",3eb2c704fe8a50cb,City of London,city
Deutschland,DE,"Holle, Deutschland","{'type': 'Feature', 'bbox': [10.065086, 52.041417, 10.2030242, 52.138528], 'properties': {}}",de2ae62756802d09,Holle,city
Deutschland,DE,"Neuruppin, Deutschland","{'type': 'Feature', 'bbox': [12.658709, 52.792024, 12.986578, 53.097841], 'properties': {}}",667b9becb444647d,Neuruppin,city
Vereinigtes Königreich,GB,"North East, England","{'type': 'Feature', 'bbox': [-2.6896487528799, 54.4511368492598, -0.789589998657534, 55.8116995493485], 'properties': {}}",67bc7263f7b9047b,North East,admin
Vereinigtes Königreich,GB,"Newcastle Upon Tyne, England","{'type': 'Feature', 'bbox': [-1.6937923, 54.960055, -1.596931, 55.0240558], 'properties': {}}",6dd4aeb802da9f28,Newcastle Upon Tyne,city
Vereinigtes Königreich,GB,"North West, England","{'type': 'Feature', 'bbox': [-3.64063699761414, 52.9471313094526, -1.90962598338825, 55.1888787527094], 'properties': {}}",0cbfb5dccb8131b8,North West,admin
Vereinigtes Königreich,GB,Vereinigtes Königreich,"{'type': 'Feature', 'bbox': [-8.662663, 49.1626564, 1.768926, 60.86165], 'properties': {}}",6416b8512febefc9,Vereinigtes Königreich,country
Vereinigtes Königreich,GB,"London, England","{'type': 'Feature', 'bbox': [-0.187894, 51.483718, -0.109978, 51.5164655], 'properties': {}}",457b4814b4240d87,London,city
Vereinigtes Königreich,GB,"Lambeth, London","{'type': 'Feature', 'bbox': [-0.15191, 51.410792, -0.078902, 51.509887], 'properties': {}}",4393349f368f67a1,Lambeth,city
Vereinigtes Königreich,GB,"Paddington, London","{'type': 'Feature', 'bbox': [-0.2160701, 51.5098789, -0.1301597, 51.5397916], 'properties': {}}",56c45474148ca4da,Paddington,city
Vereinigtes Königreich,GB,"England, Vereinigtes Königreich","{'type': 'Feature', 'bbox': [-6.3651943, 49.8825312, 1.768926, 55.8116485], 'properties': {}}",8ef32ff56ef11c22,England,admin
Vereinigtes Königreich,GB,"London, England","{'type': 'Feature', 'bbox': [-0.510364798739281, 51.2867019756122, 0.334043461659515, 51.6918240878432], 'properties': {}}",5d838f7a011f4a2d,London,admin
Vereinigtes Königreich,GB,"Islington, London","{'type': 'Feature', 'bbox': [-0.1420579, 51.5185518, -0.076305, 51.575301], 'properties': {}}",544762ebf7fda780,Islington,city
Vereinigtes Königreich,GB,"Camden Town, London","{'type': 'Feature', 'bbox': [-0.213503, 51.512805, -0.105303, 51.572068], 'properties': {}}",5de8cffc145c486b,Camden Town,city
Vereinigtes Königreich,GB,"Chestfield, England","{'type': 'Feature', 'bbox': [0.968336, 51.334067, 1.078611, 51.368674], 'properties': {}}",4cca6d68d3e53bb2,Chestfield,city
Vereinigtes Königreich,GB,"South West, England","{'type': 'Feature', 'bbox': [-6.36850399906372, 49.8824720005481, -1.48573420014269, 52.1125420344225], 'properties': {}}",25d3e991f5637f5a,South West,admin
Vereinigtes Königreich,GB,"Tottenham, London","{'type': 'Feature', 'bbox': [-0.170246, 51.564585, -0.034078, 51.6112184], 'properties': {}}",06b9691f34c91d1c,Tottenham,city
Vereinigtes Königreich,GB,"Hackney, London","{'type': 'Feature', 'bbox': [-0.104501, 51.518605, -0.015834, 51.5766844], 'properties': {}}",2a3f152d1ac5044a,Hackney,city
Vereinigtes Königreich,GB,"Wandsworth, London","{'type': 'Feature', 'bbox': [-0.259465, 51.417277, -0.127974, 51.486036], 'properties': {}}",460c5314e8a33c64,Wandsworth,city
Österreich,AT,"Wien, Österreich","{'type': 'Feature', 'bbox': [16.18218, 48.117666, 16.577511, 48.322574], 'properties': {}}",9f659d51e5c5deae,Wien,city
Ungarn,HU,"Budapest, Ungarn","{'type': 'Feature', 'bbox': [18.925169, 47.3494477, 19.3344868, 47.613013], 'properties': {}}",e52e231315b975c1,Budapest,city
Niederlande,NL,"Amsterdam, Niederlande","{'type': 'Feature', 'bbox': [4.7288999, 52.2782266, 5.0792072, 52.4312289], 'properties': {}}",99cdab25eddd6bce,Amsterdam,city
Belgien,BE,"Namur, Belgien","{'type': 'Feature', 'bbox': [4.7231471, 50.3874775, 4.9842176, 50.5312656], 'properties': {}}",6c3a902d8cc0b4ee,Namur,city
Belgien,BE,"Elsene, België","{'type': 'Feature', 'bbox': [4.347341, 50.8007214, 4.4033873, 50.8406204], 'properties': {}}",3060d31f8bf75f53,Elsene,city
Frankreich,FR,"Paris, Frankreich","{'type': 'Feature', 'bbox': [2.2241006, 48.8155214, 2.4699053, 48.9021461], 'properties': {}}",09f6a7707f18e0b1,Paris,city
Schweiz,CH,"Klosters-Serneus, Schweiz","{'type': 'Feature', 'bbox': [9.793044, 46.763, 10.096723, 46.92192], 'properties': {}}",c57b26697d60d3df,Klosters-Serneus,city
Schweiz,CH,"Davos, Schweiz","{'type': 'Feature', 'bbox': [9.669419, 46.670387, 9.96734, 46.8596105], 'properties': {}}",dc4e13302cc5ef12,Davos,city
Niederlande,NL,"Amsterdam, Niederlande","{'type': 'Feature', 'bbox': [4.7288999, 52.2782266, 5.0792072, 52.4312289], 'properties': {}}",99cdab25eddd6bce,Amsterdam,city
Belgien,BE,NATO Headquarters,"{'type': 'Feature', 'bbox': [4.426095485687256, 50.88013113608481, 4.426095485687256, 50.88013113608481], 'properties': {}}",0ff5dc3a2f141000,NATO Headquarters,poi
Vereinigte Staaten,US,Monterey Bay Aquarium,"{'type': 'Feature', 'bbox': [-121.90172040845883, 36.617989505774766, -121.90172040845883, 36.617989505774766], 'properties': {}}",07d9ec7745886000,Monterey Bay Aquarium,poi
Vereinigte Staaten,US,"Davis, CA","{'type': 'Feature', 'bbox': [-121.803252, 38.526843, -121.675074, 38.590264], 'properties': {}}",1994142e26ba7127,Davis,city
Vereinigte Staaten,US,"Davis, CA","{'type': 'Feature', 'bbox': [-121.803252, 38.526843, -121.675074, 38.590264], 'properties': {}}",1994142e26ba7127,Davis,city
Vereinigte Staaten,US,"Queens, NY","{'type': 'Feature', 'bbox': [-73.962582, 40.541722, -73.699793, 40.8000371], 'properties': {}}",00c39537733fa112,Queens,city
Vereinigte Staaten,US,"Manhattan, NY","{'type': 'Feature', 'bbox': [-74.026675, 40.683935, -73.910408, 40.877483], 'properties': {}}",01a9a39529b27f36,Manhattan,city
Vereinigte Staaten,US,Manhattan College,"{'type': 'Feature', 'bbox': [-73.90079225948378, 40.88977398254432, -73.90079225948378, 40.88977398254432], 'properties': {}}",07d9ec8c77084003,Manhattan College,poi
Vereinigte Staaten,US,"New York, USA","{'type': 'Feature', 'bbox': [-79.76259, 40.477383, -71.777492, 45.015851], 'properties': {}}",94965b2c45386f87,New York,admin
Vereinigte Staaten,US,"Central Park, Manhattan","{'type': 'Feature', 'bbox': [-73.981551, 40.764295, -73.949245, 40.800611], 'properties': {}}",789dde4e047e6079,Central Park,neighborhood
Vereinigte Staaten,US,"Vacaville, CA","{'type': 'Feature', 'bbox': [-122.0327579, 38.308561, -121.911095, 38.417127], 'properties': {}}",50df1c2f85d2654d,Vacaville,city
Vereinigte Staaten,US,"Roseville, CA","{'type': 'Feature', 'bbox': [-121.385009, 38.716061, -121.216452, 38.8102595], 'properties': {}}",38109314e8d0ee2f,Roseville,city
Vereinigte Staaten,US,"Dixon, CA","{'type': 'Feature', 'bbox': [-121.862342, 38.421895, -121.805679, 38.473182], 'properties': {}}",0941c439c73f4f7b,Dixon,city
Vereinigte Staaten,US,"Brooklyn, NY","{'type': 'Feature', 'bbox': [-74.041878, 40.570842, -73.855673, 40.739434], 'properties': {}}",011add077f4d2da3,Brooklyn,city
Vereinigte Staaten,US,"California, USA","{'type': 'Feature', 'bbox': [-124.482003, 32.528832, -114.131212, 42.009519], 'properties': {}}",fbd6d2f5a4e4a15e,California,admin
Vereinigte Staaten,US,"Shingle Springs, CA","{'type': 'Feature', 'bbox': [-120.970196, 38.635776, -120.887823, 38.685987], 'properties': {}}",03d08ce786904711,Shingle Springs,city
Vereinigte Staaten,US,"Folsom, CA","{'type': 'Feature', 'bbox': [-121.260264, 38.621443, -121.085432, 38.7143308], 'properties': {}}",8eccead85cc1b6c0,Folsom,city
Vereinigte Staaten,US,"Davis, CA","{'type': 'Feature', 'bbox': [-121.803252, 38.526843, -121.675074, 38.590264], 'properties': {}}",1994142e26ba7127,Davis,city
Vereinigte Staaten,US,"California, USA","{'type': 'Feature', 'bbox': [-124.482003, 32.528832, -114.131212, 42.009519], 'properties': {}}",fbd6d2f5a4e4a15e,California,admin
Vereinigte Staaten,US,"Half Moon Bay, CA","{'type': 'Feature', 'bbox': [-122.477157, 37.424863, -122.418544, 37.524472], 'properties': {}}",d0fc0f618c1eb790,Half Moon Bay,city
Vereinigte Staaten,US,"Los Angeles, CA","{'type': 'Feature', 'bbox': [-118.668404, 33.704538, -118.155409, 34.337041], 'properties': {}}",3b77caf94bfc81fe,Los Angeles,city
Vereinigte Staaten,US,Los Angeles City Hall,"{'type': 'Feature', 'bbox': [-118.24247760827583, 34.05348417688625, -118.24247760827583, 34.05348417688625], 'properties': {}}",07d9db2973882000,Los Angeles City Hall,poi
Vereinigte Staaten,US,"Santa Monica, CA","{'type': 'Feature', 'bbox': [-118.5173575, 33.9951771, -118.443482, 34.050199], 'properties': {}}",59612bd882018c51,Santa Monica,city
Vereinigte Staaten,US,"Davis, CA","{'type': 'Feature', 'bbox': [-121.803252, 38.526843, -121.675074, 38.590264], 'properties': {}}",1994142e26ba7127,Davis,city
Vereinigte Staaten,US,"Prunedale, CA","{'type': 'Feature', 'bbox': [-121.743662, 36.7491011, -121.619853, 36.861049], 'properties': {}}",9723b83889e41047,Prunedale,city
Vereinigte Staaten,US,"Pacific Grove, CA","{'type': 'Feature', 'bbox': [-121.942439, 36.597763, -121.901121, 36.638132], 'properties': {}}",1003b193f1cb0dcd,Pacific Grove,city
Vereinigte Staaten,US,Monterey Bay Aquarium,"{'type': 'Feature', 'bbox': [-121.90172040845883, 36.617989505774766, -121.90172040845883, 36.617989505774766], 'properties': {}}",07d9ec7745886000,Monterey Bay Aquarium,poi
Vereinigte Staaten,US,"Monterey, CA","{'type': 'Feature', 'bbox': [-121.9270923, 36.5737723, -121.830974, 36.618826], 'properties': {}}",49af5b43d4963f4c,Monterey,city
Vereinigte Staaten,US,Pacific Grove Shoreline Parkway Marine Refuge,"{'type': 'Feature', 'bbox': [-121.93088700260402, 36.63649226036272, -121.93088700260402, 36.63649226036272], 'properties': {}}",1068a0767f546001,Pacific Grove Shoreline Parkway Marine Refuge,poi
Vereinigte Staaten,US,"Washington, DC","{'type': 'Feature', 'bbox': [-77.119401, 38.801826, -76.909396, 38.9953797], 'properties': {}}",01fbe706f872cb32,Washington,city
Vereinigte Staaten,US,"Queens, NY","{'type': 'Feature', 'bbox': [-73.962582, 40.541722, -73.699793, 40.8000371], 'properties': {}}",00c39537733fa112,Queens,city
Vereinigte Staaten,US,United Nations,"{'type': 'Feature', 'bbox': [-73.96801292896271, 40.74981879710741, -73.96801292896271, 40.74981879710741], 'properties': {}}",07d9e39ae4885000,United Nations,poi
Spanien,ES,"Gemeinschaft Madrid, Spanien","{'type': 'Feature', 'bbox': [-4.5791745, 39.8845366, -3.0531322, 41.1649106], 'properties': {}}",3b111abdac0a7687,Gemeinschaft Madrid,admin
Vereinigte Staaten,US,"Manhattan, NY","{'type': 'Feature', 'bbox': [-74.026675, 40.683935, -73.910408, 40.877483], 'properties': {}}",01a9a39529b27f36,Manhattan,city
Vereinigte Staaten,US,"Half Moon Bay, CA","{'type': 'Feature', 'bbox': [-122.477157, 37.424863, -122.418544, 37.524472], 'properties': {}}",d0fc0f618c1eb790,Half Moon Bay,city
Vereinigte Staaten,US,"San Francisco, CA","{'type': 'Feature', 'bbox': [-122.514926, 37.708075, -122.357031, 37.833238], 'properties': {}}",5a110d312052166f,San Francisco,city
Vereinigte Staaten,US,San Francisco City Hall Steps,"{'type': 'Feature', 'bbox': [-122.41852967001614, 37.779211942847546, -122.41852967001614, 37.779211942847546], 'properties': {}}",109dbb2d88d79000,San Francisco City Hall Steps,poi
Vereinigte Staaten,US,Hutchison Hall,"{'type': 'Feature', 'bbox': [-121.75401347565214, 38.540883975039854, -121.75401347565214, 38.540883975039854], 'properties': {}}",0fc3459badd5e001,Hutchison Hall,poi
Vereinigte Staaten,US,"Civic Center, San Francisco","{'type': 'Feature', 'bbox': [-122.42548188, 37.77322896, -122.40997884, 37.79084502], 'properties': {}}",9fff4bb5d61a7564,Civic Center,neighborhood
Vereinigte Staaten,US,International House,"{'type': 'Feature', 'bbox': [-121.75052246666667, 38.546558766666664, -121.75052246666667, 38.546558766666664], 'properties': {}}",07d9e3e9c1c87001,International House,poi
Vereinigte Staaten,US,UC Davis Arboretum,"{'type': 'Feature', 'bbox': [-121.74732135453412, 38.53859992503354, -121.74732135453412, 38.53859992503354], 'properties': {}}",07d9db2354c84001,UC Davis Arboretum,poi
Vereinigte Staaten,US,California State Capitol,"{'type': 'Feature', 'bbox': [-121.49338245391844, 38.576520926576315, -121.49338245391844, 38.576520926576315], 'properties': {}}",106914dd3fd5000a,California State Capitol,poi
Vereinigte Staaten,US,Alice Tully Hall,"{'type': 'Feature', 'bbox': [-73.98237293981146, 40.773358555297165, -73.98237293981146, 40.773358555297165], 'properties': {}}",10691373c854c002,Alice Tully Hall,poi
Vereinigte Staaten,US,Lincoln Center for the Performing Arts,"{'type': 'Feature', 'bbox': [-73.98328128286325, 40.77240231803594, -73.98328128286325, 40.77240231803594], 'properties': {}}",07d9c925a9c88000,Lincoln Center for the Performing Arts,poi
Vereinigte Staaten,US,"New York, USA","{'type': 'Feature', 'bbox': [-79.76259, 40.477383, -71.777492, 45.015851], 'properties': {}}",94965b2c45386f87,New York,admin
Vereinigte Staaten,US,"Saugerties, NY","{'type': 'Feature', 'bbox': [-74.006807, 42.017792, -73.929859, 42.108961], 'properties': {}}",40aec730d67b3a36,Saugerties,city
Vereinigte Staaten,US,"Rosendale, NY","{'type': 'Feature', 'bbox': [-74.088273, 41.812499, -74.034033, 41.902243], 'properties': {}}",01700ef96c3cd1ec,Rosendale,city
Vereinigte Staaten,US,"Rifton, NY","{'type': 'Feature', 'bbox': [-74.056261, 41.800556, -74.031792, 41.845114], 'properties': {}}",01032eb4759ed092,Rifton,city
Vereinigte Staaten,US,"Paramus, NJ","{'type': 'Feature', 'bbox': [-74.101395, 40.908544, -74.038944, 40.980598], 'properties': {}}",4b6a1f748c5219fa,Paramus,city
Vatikanstadt,VA,Vatikanstadt,"{'type': 'Feature', 'bbox': [12.4458426, 41.7319908, 12.6654191, 41.9074693], 'properties': {}}",71b17dbc6d358e52,Vatikanstadt,city
Dänemark,DK,"Kopenhagen, Dänemark","{'type': 'Feature', 'bbox': [12.453064, 55.613717, 12.6522012, 55.731834], 'properties': {}}",936b83f20956cd4c,Kopenhagen,city
Vereinigte Staaten,US,Davis City Hall,"{'type': 'Feature', 'bbox': [-121.74684833051147, 38.546798031492074, -121.74684833051147, 38.546798031492074], 'properties': {}}",07d9c9631a882000,Davis City Hall,poi
Vereinigte Staaten,US,"New Mexico, USA","{'type': 'Feature', 'bbox': [-109.050173, 31.332176, -103.002065, 37.000294], 'properties': {}}",71d65c0e6d94efab,New Mexico,admin
Vereinigte Staaten,US,Jazz at Lincoln Center,"{'type': 'Feature', 'bbox': [-73.98279190063477, 40.76822422081554, -73.98279190063477, 40.76822422081554], 'properties': {}}",0fc3a4bbce555000,Jazz at Lincoln Center,poi
Vereinigte Staaten,US,"Brooklyn, NY","{'type': 'Feature', 'bbox': [-74.041878, 40.570842, -73.855673, 40.739434], 'properties': {}}",011add077f4d2da3,Brooklyn,city
Vereinigte Staaten,US,Barclays Center,"{'type': 'Feature', 'bbox': [-73.97604409405545, 40.68312769140371, -73.97604409405545, 40.68312769140371], 'properties': {}}",07d9e3ecb3c85004,Barclays Center,poi
Vereinigte Staaten,US,Richard Rodgers Theatre,"{'type': 'Feature', 'bbox': [-73.98669719696045, 40.759147347641516, -73.98669719696045, 40.759147347641516], 'properties': {}}",07d9c93161883001,Richard Rodgers Theatre,poi
Vereinigte Staaten,US,NBCUniversal,"{'type': 'Feature', 'bbox': [-73.98090184270666, 40.75973177665188, -73.98090184270666, 40.75973177665188], 'properties': {}}",07d9f73910c86001,NBCUniversal,poi
Vereinigte Staaten,US,Riverside Church,"{'type': 'Feature', 'bbox': [-73.962981, 40.812112, -73.962981, 40.812112], 'properties': {}}",07d9f3594e080002,Riverside Church,poi
Vereinigte Staaten,US,"Jersey City, NJ","{'type': 'Feature', 'bbox': [-74.107995, 40.666879, -74.0253309, 40.769124], 'properties': {}}",b046074b1030a44d,Jersey City,city
Vereinigte Staaten,US,North Cove Marina,"{'type': 'Feature', 'bbox': [-74.01684082237637, 40.71314674263234, -74.01684082237637, 40.71314674263234], 'properties': {}}",0fc295234f546001,North Cove Marina,poi
Vereinigte Staaten,US,"Kawela Bay, HI","{'type': 'Feature', 'bbox': [-158.021272, 21.689772, -157.992664, 21.707116], 'properties': {}}",393dc9843637fe56,Kawela Bay,city
Vereinigte Staaten,US,"Manhattan, NY","{'type': 'Feature', 'bbox': [-74.026675, 40.683935, -73.910408, 40.877483], 'properties': {}}",01a9a39529b27f36,Manhattan,city
Vereinigte Staaten,US,United Nations,"{'type': 'Feature', 'bbox': [-73.96801292896271, 40.74981879710741, -73.96801292896271, 40.74981879710741], 'properties': {}}",07d9e39ae4885000,United Nations,poi
Vereinigte Staaten,US,"Philadelphia, PA","{'type': 'Feature', 'bbox': [-75.280284, 39.871811, -74.955712, 40.13792], 'properties': {}}",e4a0d228eb6be76b,Philadelphia,city
Vereinigte Staaten,US,The George Washington University,"{'type': 'Feature', 'bbox': [-77.0489665153517, 38.89978718746998, -77.0489665153517, 38.89978718746998], 'properties': {}}",1019a696ca542006,The George Washington University,poi
Vereinigte Staaten,US,"Washington, DC","{'type': 'Feature', 'bbox': [-77.119401, 38.801826, -76.909396, 38.9953797], 'properties': {}}",01fbe706f872cb32,Washington,city
Vereinigte Staaten,US,"New York, USA","{'type': 'Feature', 'bbox': [-79.76259, 40.477383, -71.777492, 45.015851], 'properties': {}}",94965b2c45386f87,New York,admin
Vereinigte Staaten,US,"Minneapolis, MN","{'type': 'Feature', 'bbox': [-93.329515, 44.889964, -93.194578, 45.051257], 'properties': {}}",8e9665cec9370f0f,Minneapolis,city
Vereinigte Staaten,US,"South Miami, FL","{'type': 'Feature', 'bbox': [-80.306913, 25.689337, -80.284859, 25.734075], 'properties': {}}",28edff73b28c1a74,South Miami,city
Vereinigte Staaten,US,"Miami, FL","{'type': 'Feature', 'bbox': [-80.321683, 25.7090404, -80.144974, 25.855667], 'properties': {}}",04cb31bae3b3af93,Miami,city
Vereinigte Staaten,US,"Golden Glades, FL","{'type': 'Feature', 'bbox': [-80.229746, 25.8922648, -80.163078, 25.9299606], 'properties': {}}",dbdbdadee4fbdda9,Golden Glades,city
Vereinigte Staaten,US,"Virginia, USA","{'type': 'Feature', 'bbox': [-83.67529, 36.540739, -75.16644, 39.466012], 'properties': {}}",5635c19c2b5078d1,Virginia,admin
Vereinigte Staaten,US,"Queens, NY","{'type': 'Feature', 'bbox': [-73.962582, 40.541722, -73.699793, 40.8000371], 'properties': {}}",00c39537733fa112,Queens,city
Vereinigte Staaten,US,"White Plains, NY","{'type': 'Feature', 'bbox': [-73.78995, 40.982445, -73.719524, 41.069964], 'properties': {}}",f97108ab3c4a42ed,White Plains,city
Vereinigte Staaten,US,"Middle River, MD","{'type': 'Feature', 'bbox': [-76.487921, 39.308163, -76.338006, 39.384988], 'properties': {}}",010f203624f4bfd3,Middle River,city
Vereinigte Staaten,US,"Cheverly, MD","{'type': 'Feature', 'bbox': [-76.929458, 38.912321, -76.8959559, 38.939587], 'properties': {}}",77a6c282d3f41d1d,Cheverly,city
Vereinigte Staaten,US,Office of Senator Kirsten Gillibrand (New York),"{'type': 'Feature', 'bbox': [-77.00640042309942, 38.89306499237687, -77.00640042309942, 38.89306499237687], 'properties': {}}",07d9cea3b5487001,Office of Senator Kirsten Gillibrand (New York),poi
Vereinigte Staaten,US,U.S. Capitol Rotunda Steps,"{'type': 'Feature', 'bbox': [-77.01045334339142, 38.88980943877129, -77.01045334339142, 38.88980943877129], 'properties': {}}",07d9d3a692884000,U.S. Capitol Rotunda Steps,poi
Vereinigte Staaten,US,"Baltimore, MD","{'type': 'Feature', 'bbox': [-76.7115205, 39.197211, -76.529443, 39.372215], 'properties': {}}",c0b8e8dc81930292,Baltimore,city
Vereinigte Staaten,US,"Newark, NJ","{'type': 'Feature', 'bbox': [-74.25136, 40.679997, -74.118336, 40.788991], 'properties': {}}",fa3435044b52ecc7,Newark,city
Vereinigte Staaten,US,"Maryland, USA","{'type': 'Feature', 'bbox': [-79.487651, 37.886607, -74.986286, 39.723622], 'properties': {}}",dea1eac2d7ef8878,Maryland,admin
Vereinigte Staaten,US,"Arlington, VA","{'type': 'Feature', 'bbox': [-77.172219, 38.827378, -77.031779, 38.934311], 'properties': {}}",319ee7b36c9149da,Arlington,city
Vereinigte Staaten,US,"Brookside, DE","{'type': 'Feature', 'bbox': [-75.7370232, 39.6486936, -75.6958005, 39.6858166], 'properties': {}}",fff1c66a88b63f36,Brookside,city
Vereinigte Staaten,US,"Burke, VA","{'type': 'Feature', 'bbox': [-77.327307, 38.745249, -77.227003, 38.841994], 'properties': {}}",4769ebcaeee50421,Burke,city
Vereinigte Staaten,US,"Highland Mills, NY","{'type': 'Feature', 'bbox': [-74.168742, 41.3318, -74.086127, 41.376915], 'properties': {}}",4d351c6adc8fe8be,Highland Mills,city
Vereinigte Staaten,US,Yale University - 451 College St.,"{'type': 'Feature', 'bbox': [-72.92607116699219, 41.31009292602539, -72.92607116699219, 41.31009292602539], 'properties': {}}",07d9ee075dc82001,Yale University - 451 College St.,poi
Vereinigte Staaten,US,"Manhattan, NY","{'type': 'Feature', 'bbox': [-74.026675, 40.683935, -73.910408, 40.877483], 'properties': {}}",01a9a39529b27f36,Manhattan,city
Vereinigte Staaten,US,Project Farmhouse,"{'type': 'Feature', 'bbox': [-73.99007778580042, 40.733574081448054, -73.99007778580042, 40.733574081448054], 'properties': {}}",0b6897cbbed70000,Project Farmhouse,poi
Vereinigte Staaten,US,"New York, USA","{'type': 'Feature', 'bbox': [-79.76259, 40.477383, -71.777492, 45.015851], 'properties': {}}",94965b2c45386f87,New York,admin
Vereinigte Staaten,US,"Greenwich Village, Manhattan","{'type': 'Feature', 'bbox': [-74.0210808, 40.718971, -73.9719855, 40.742691], 'properties': {}}",255c824fd31a140b,Greenwich Village,neighborhood
Vereinigte Staaten,US,Indian House,"{'type': 'Feature', 'bbox': [-74.009724, 40.704565, -74.009724, 40.704565], 'properties': {}}",07d9d02eee884004,Indian House,poi
Vereinigte Staaten,US,New York Society for Ethical Culture,"{'type': 'Feature', 'bbox': [-73.97974742263705, 40.77111965960145, -73.97974742263705, 40.77111965960145], 'properties': {}}",07d9d21d66c87003,New York Society for Ethical Culture,poi
Russland,RU,Russland,"{'type': 'Feature', 'bbox': [-180.0, 41.1860647, 180.0, 81.8568204], 'properties': {}}",5714382051c06d1e,Russland,country
Vereinigtes Königreich,GB,"Edinburgh, Scotland","{'type': 'Feature', 'bbox': [-3.3285119, 55.894729, -3.077505, 55.991662], 'properties': {}}",7ae9e2f2ff7a87cd,Edinburgh,city
Vereinigtes Königreich,GB,Scottish Parliament,"{'type': 'Feature', 'bbox': [-3.1745406672556373, 55.952247502744704, -3.1745406672556373, 55.952247502744704], 'properties': {}}",07d9db011b880001,Scottish Parliament,poi
Vereinigtes Königreich,GB,"Milngavie, Scotland","{'type': 'Feature', 'bbox': [-4.360764, 55.9010777, -4.2971064, 55.9529553], 'properties': {}}",0c58089507faec00,Milngavie,city
Deutschland,DE,"Langenfeld (Rheinland), Deutschland","{'type': 'Feature', 'bbox': [6.9027089, 51.067479, 7.000821, 51.14933], 'properties': {}}",6c9d261ae18b6ed2,Langenfeld (Rheinland),city
Vereinigtes Königreich,GB,Leith Links,"{'type': 'Feature', 'bbox': [-3.1648640449642884, 55.971455614001194, -3.1648640449642884, 55.971455614001194], 'properties': {}}",07d9e3ef81087000,Leith Links,poi
Vereinigtes Königreich,GB,"Glasgow, Scotland","{'type': 'Feature', 'bbox': [-4.3932845, 55.796184, -4.0902182, 55.9204214], 'properties': {}}",791e00bcadc4615f,Glasgow,city
Vereinigtes Königreich,GB,"Scotland, United Kingdom","{'type': 'Feature', 'bbox': [-7.66085699743185, 54.6336309570711, -0.740025000483186, 60.8452769694519], 'properties': {}}",0af014accd6f6e99,Scotland,admin
Vereinigtes Königreich,GB,"Edinburgh, Scotland","{'type': 'Feature', 'bbox': [-3.3285119, 55.894729, -3.077505, 55.991662], 'properties': {}}",7ae9e2f2ff7a87cd,Edinburgh,city
Vereinigtes Königreich,GB,Scottish Parliament Building,"{'type': 'Feature', 'bbox': [-3.1749221, 55.9519619, -3.1749221, 55.9519619], 'properties': {}}",095291aa16d6e000,Scottish Parliament Building,poi
Deutschland,DE,Bundeskanzleramt,"{'type': 'Feature', 'bbox': [13.369191884994507, 52.52018372239231, 13.369191884994507, 52.52018372239231], 'properties': {}}",07d9d217c8084000,Bundeskanzleramt,poi
Deutschland,DE,"Berlin, Deutschland","{'type': 'Feature', 'bbox': [13.088304, 52.338079, 13.760909, 52.675323], 'properties': {}}",3078869807f9dd36,Berlin,city
Deutschland,DE,"Göttingen, Deutschland","{'type': 'Feature', 'bbox': [9.80043, 51.483171, 10.053668, 51.590803], 'properties': {}}",fcbb3c6e0a7eba22,Göttingen,city
Deutschland,DE,Europäisches Parlament Informationsbüro in Deutschland,"{'type': 'Feature', 'bbox': [13.380554655198885, 52.516665020387464, 13.380554655198885, 52.516665020387464], 'properties': {}}",07d9df8cf2c83000,Europäisches Parlament Informationsbüro in Deutschland,poi
Deutschland,DE,Vertretung des Landes Nordrhein-Westfalen beim Bund,"{'type': 'Feature', 'bbox': [13.357915878295898, 52.50828101452225, 13.357915878295898, 52.50828101452225], 'properties': {}}",13a80f321d952000,Vertretung des Landes Nordrhein-Westfalen beim Bund,poi
Deutschland,DE,Deutscher Bundestag | Dorotheenstraße 93,"{'type': 'Feature', 'bbox': [13.38011738985175, 52.51814536250363, 13.38011738985175, 52.51814536250363], 'properties': {}}",0a64b6bc24d66000,Deutscher Bundestag | Dorotheenstraße 93,poi
Deutschland,DE,"Frankfurt am Main, Deutschland","{'type': 'Feature', 'bbox': [8.472715, 50.01552, 8.800496, 50.2269512], 'properties': {}}",c589d9d6ed38927c,Frankfurt am Main,city
Deutschland,DE,"Berlin, Deutschland","{'type': 'Feature', 'bbox': [13.088304, 52.338079, 13.760909, 52.675323], 'properties': {}}",3078869807f9dd36,Berlin,city
Deutschland,DE,"Nebel, Deutschland","{'type': 'Feature', 'bbox': [8.290799, 54.629822, 8.382457, 54.675344], 'properties': {}}",4903be3deab955d3,Nebel,city
Deutschland,DE,Bundeskanzleramt,"{'type': 'Feature', 'bbox': [13.369191884994507, 52.52018372239231, 13.369191884994507, 52.52018372239231], 'properties': {}}",07d9d217c8084000,Bundeskanzleramt,poi
Deutschland,DE,CityCube Berlin,"{'type': 'Feature', 'bbox': [13.270840644836424, 52.50023523037514, 13.270840644836424, 52.50023523037514], 'properties': {}}",07d9d9936a484000,CityCube Berlin,poi
Deutschland,DE,"Berlin, Deutschland","{'type': 'Feature', 'bbox': [13.088304, 52.338079, 13.760909, 52.675323], 'properties': {}}",3078869807f9dd36,Berlin,city
Deutschland,DE,"Uckermark, Brandenburg","{'type': 'Feature', 'bbox': [13.239783, 52.93199, 14.449807, 53.559955], 'properties': {}}",186c84292432d395,Uckermark,admin
Deutschland,DE,"Berlin, Deutschland","{'type': 'Feature', 'bbox': [13.088304, 52.338079, 13.760909, 52.675323], 'properties': {}}",3078869807f9dd36,Berlin,city
Deutschland,DE,Invalidenpark,"{'type': 'Feature', 'bbox': [13.3762180358367, 52.5295009757554, 13.3762180358367, 52.5295009757554], 'properties': {}}",09529196be96e000,Invalidenpark,poi
Deutschland,DE,Mönckebergstraße,"{'type': 'Feature', 'bbox': [10.00178499553743, 53.55127611408425, 10.00178499553743, 53.55127611408425], 'properties': {}}",07d9d22ad9c88002,Mönckebergstraße,poi
Deutschland,DE,"Hamburg, Deutschland","{'type': 'Feature', 'bbox': [8.4201604, 53.395118, 10.325199, 53.9646546], 'properties': {}}",5bcd72da50f0ee77,Hamburg,city
Deutschland,DE,Wiese am Speersort,"{'type': 'Feature', 'bbox': [9.997348, 53.54921, 9.997348, 53.54921], 'properties': {}}",0fc32ebf99d5b000,Wiese am Speersort,poi
Deutschland,DE,Gänsemarkt,"{'type': 'Feature', 'bbox': [9.98797672801832, 53.55552355668907, 9.98797672801832, 53.55552355668907], 'properties': {}}",07d9db1e44086005,Gänsemarkt,poi
Deutschland,DE,"Hamburg, Deutschland","{'type': 'Feature', 'bbox': [8.4201604, 53.395118, 10.325199, 53.9646546], 'properties': {}}",5bcd72da50f0ee77,Hamburg,city
Deutschland,DE,Rathausmarkt,"{'type': 'Feature', 'bbox': [9.993503093719482, 53.55073673100814, 9.993503093719482, 53.55073673100814], 'properties': {}}",07d9c9bf40085003,Rathausmarkt,poi
Deutschland,DE,Heiligengeistfeld,"{'type': 'Feature', 'bbox': [9.97060775756836, 53.55436982145664, 9.97060775756836, 53.55436982145664], 'properties': {}}",0fc294383114c001,Heiligengeistfeld,poi
Deutschland,DE,Knust,"{'type': 'Feature', 'bbox': [9.968069882161878, 53.558189843352466, 9.968069882161878, 53.558189843352466], 'properties': {}}",07d9ec82bd082000,Knust,poi
